<?xml version="1.0" encoding="UTF-8" standalone="yes"?>
<addon id="script.example" name="Example" version="0.0.1" provider-name="Heckie">
  <requires>
    <import addon="xbmc.python" version="3.0.0" />
  </requires>
  <extension point="xbmc.python.script" library="script.py" />
  <extension point="xbmc.addon.metadata">
    <summary lang="en_GB">script.settings.example</summary>
    <description lang="en_GB"></description>
    <language>en</language>
    <language>de</language>
    <platform>all</platform>
    <license>MIT</license>
    <news>
    </news>
    <assets>
    </assets>
  </extension>
</addon>
