<?xml version="1.0" encoding="UTF-8" standalone="yes"?>
<addon id="script.service.heckies.timers" name="Heckies Timers"
	version="2.0.0" provider-name="Heckie">
	<extension point="xbmc.service" library="timer.py" start="login" />
	<extension point="kodi.context.item">
		<menu id="kodi.core.main">
			<menu>
				<label>Timers...</label>
				<item library="timer0.py">
					<label>Sleep timer</label>
					<visible>true</visible>
				</item>
				<item library="timer1.py">
					<label>Snooze timer</label>
					<visible>true</visible>
				</item>
				<menu>
					<label>Timers 1 - 5...</label>
					<item library="timer2.py">
						<label>Timer 1</label>
						<visible>true</visible>
					</item>
					<item library="timer3.py">
						<label>Timer 2</label>
						<visible>true</visible>
					</item>
					<item library="timer4.py">
						<label>Timer 3</label>
						<visible>true</visible>
					</item>
					<item library="timer5.py">
						<label>Timer 4</label>
						<visible>true</visible>
					</item>
					<item library="timer6.py">
						<label>Timer 5</label>
						<visible>true</visible>
					</item>
				</menu>
				<menu>
					<label>Timers 6 - 10...</label>
					<item library="timer7.py">
						<label>Timer 6</label>
						<visible>true</visible>
					</item>
					<item library="timer8.py">
						<label>Timer 7</label>
						<visible>true</visible>
					</item>
					<item library="timer9.py">
						<label>Timer 8</label>
						<visible>true</visible>
					</item>
					<item library="timer10.py">
						<label>Timer 9</label>
						<visible>true</visible>
					</item>
					<item library="timer11.py">
						<label>Timer 10</label>
						<visible>true</visible>
					</item>
				</menu>
				<menu>
					<label>Timers 11 - 15...</label>
					<item library="timer12.py">
						<label>Timer 11</label>
						<visible>true</visible>
					</item>
					<item library="timer13.py">
						<label>Timer 12</label>
						<visible>true</visible>
					</item>
					<item library="timer14.py">
						<label>Timer 13</label>
						<visible>true</visible>
					</item>
					<item library="timer15.py">
						<label>Timer 14</label>
						<visible>true</visible>
					</item>
					<item library="timer16.py">
						<label>Timer 15</label>
						<visible>true</visible>
					</item>
				</menu>                
			</menu>
		</menu>
	</extension>
	<extension point="xbmc.addon.metadata">
		<summary lang="en_gb">Heckie's timer</summary>
		<description lang="en_gb"></description>
		<disclaimer lang="en_gb"></disclaimer>
		<language></language>
		<platform>all</platform>
		<license></license>
		<forum></forum>
		<website>https://github.com/Heckie75/kodi-addon-heckies-timer
		</website>
		<email>github@heckie.de</email>
		<source></source>
		<news>
v2.0.0 (2021-02-20)
- Migration to Kodi 19 (Matrix)</news>
		<assets>
			<icon>icon.png</icon>
			<screenshot>resources/assets/screen1.png</screenshot>
			<screenshot>resources/assets/screen2.png</screenshot>
			<screenshot>resources/assets/screen3.png</screenshot>
			<screenshot>resources/assets/screen4.png</screenshot>
			<screenshot>resources/assets/screen5.png</screenshot>
		</assets>
	</extension>
</addon>
